{"_wandb":{"runtime":215},"_runtime":215,"train_loss":0.995006593965715,"val_loss":0.7684634327888489,"_timestamp":1.768255287528793e+09,"_step":2,"epoch":3}